Batch_ID,T80
Test-01,92.50090000000002
Test-02,29.20269999999997
Test-03,32.22040000000003
Test-04,14.484550000000027
Test-05,19.68130000000003
Test-06,92.50090000000002
Test-07,92.00949999999995
Test-08,34.97025000000003
Test-09,19.68130000000003
